encounter_id,patient_mrn,pt_full_name,dob,encounter_dt,dept_code,charge_str
ENC-1001,MRN-00912,"Dr. Johnathan Vance",1978-04-12,2024-01-15,CARD,"$1,250.00"
ENC-1002,MRN-00441,"Sarah Connor",09/22/1985,2024-01-16,EMER,"$450.50"
ENC-1003,MRN-00832,"Robert 'Bob' Miller",1964-11-03,2024-01-16,ONCO,"$3,890.00"
ENC-1004,MRN-00109,"Elena Rostova",1992-07-30,2024-01-17,PEDS,"$180.00"
ENC-1005,MRN-00567,"Arthur Pendelton Jr.",1955-12-01,2024-01-17,CARD,"$2,400.00"
ENC-1006,MRN-00234,"Maria Garcia-Lopez",1988-03-14,2024-01-18,ORTH,"$890.25"
ENC-1007,MRN-00789,"David Kim",1973-09-08,2024-01-18,EMER,"$620.00"
ENC-1008,MRN-00345,"Emily Watson",1995-05-19,2024-01-19,NEUR,"$1,750.00"
ENC-1009,MRN-00612,"James O'Connor",1981-10-25,2024-01-19,CARD,"$980.00"
ENC-1010,MRN-00954,"Aisha Al-Mansoor",1990-01-11,2024-01-20,PEDS,"$210.00"
